code,long,lat,flood_depth,log_medinc,small_size,large_size,low_status_customers,high_status_customers,owntype_sole_proprietor,owntype_national_chain,y1,y2,y3,street
130,-90.0672,29.95138,0,10.4750883750166,0,1,0,0,0,0,1,1,1,1
201,-90.0673,29.95103,0,10.4750883750166,0,0,0,0,1,0,1,1,1,1
212,-90.0673,29.95085,0,10.4750883750166,0,0,1,0,1,0,1,1,1,1
217,-90.0674,29.95057,0,10.4750883750166,1,0,0,0,1,0,0,1,1,1
321,-90.0675,29.95025,0,10.4750883750166,0,0,0,0,1,0,1,1,1,1
322,-90.0676,29.95011,0,10.4750883750166,0,0,0,1,1,0,1,1,1,1
323,-90.0676,29.94999,0,10.4750883750166,0,1,0,0,0,0,1,1,1,1
330,-90.0677,29.94966,0,10.4750883750166,0,1,0,1,1,0,1,1,1,1
400,-90.067805,29.949345,0,10.4750883750166,1,0,0,0,1,0,1,1,1,1
401,-90.067795,29.949355,0,10.4750883750166,0,0,0,1,1,0,0,1,1,1
406,-90.0678,29.94934,0,10.4484826920722,1,0,0,0,1,0,1,1,1,1
643,-90.0685,29.9471,0,10.4211497535611,0,1,0,1,1,0,1,1,1,1
717,-90.0687,29.94634,0,10.3930486809974,0,0,0,1,1,0,1,1,1,1
727,-90.0687,29.94621,0,10.3641350493578,0,0,0,0,1,0,1,1,1,1
945,-90.0696,29.94323,0,10.3343604645788,0,1,0,0,0,1,0,1,1,1
1068,-90.0702,29.94139,0,10.3036720762004,1,0,0,0,1,0,1,1,1,1
1145,-90.0706,29.94008,0,10.272012012832,0,0,0,0,1,0,1,1,1,1
1148,-90.0707,29.93983,0,10.2393167252932,0,0,0,0,1,0,1,1,1,1
1152,-90.0707,29.93957,0,10.2055162186948,0,0,0,0,1,0,1,1,1,1
1201,-90.0709,29.93919,0,10.1705331501375,1,0,1,0,1,0,1,1,1,1
1204,-90.0709,29.93894,0,10.1705331501375,1,0,0,0,1,0,0,1,1,1
1245,-90.071,29.93874,0,10.1705331501375,1,0,0,1,1,0,1,1,1,1
1301,-90.0712,29.93814,0,10.1705331501375,0,0,0,0,1,0,1,1,1,1
1321,-90.0713,29.93771,0,10.1705331501375,1,0,1,0,1,0,0,1,1,1
1418,-90.0719,29.93573,0,10.1705331501375,0,0,0,0,1,0,1,1,1,1
1500,-90.072305,29.934345,0,10.1473901363903,0,0,0,0,1,0,0,0,1,1
1501,-90.072295,29.934355,0,10.1236988088725,0,1,0,1,1,0,1,1,1,1
1518,-90.0725,29.93396,0,10.0994325540204,0,0,0,1,1,0,1,1,1,1
1578,-90.0728,29.93301,0,10.074562772357,1,0,1,0,1,0,0,1,1,1
1580,-90.0728,29.93276,0,10.0490586758553,1,0,1,0,1,0,0,0,0,1
1600,-90.072905,29.932415,0,10.0228870587775,1,0,1,0,1,0,0,1,1,1
1601,-90.072895,29.932425,0,9.99601203771172,1,0,0,0,1,0,1,1,1,1
1800,-90.073,29.9322,0,9.96839475570213,1,0,0,1,1,0,1,1,1,1
1809,-90.0732,29.93209,0,9.93999304434844,0,0,0,0,1,0,1,1,1,1
1810,-90.0733,29.93199,0,9.91076103650263,1,0,0,1,1,0,1,1,1,1
1821,-90.0735,29.93186,0,9.91076103650263,1,0,0,0,1,0,0,1,1,1
1900,-90.0738,29.93163,0,9.91076103650263,1,0,1,0,1,0,1,1,1,1
1904,-90.0738,29.93158,0,9.91076103650263,1,0,0,0,1,0,0,1,1,1
1910,-90.073905,29.931545,0,9.91076103650263,0,0,0,1,1,0,0,0,1,1
1911,-90.073895,29.931555,0,9.91076103650263,0,0,0,0,1,0,1,1,1,1
1912,-90.0739,29.93153,0,9.91076103650263,1,0,0,0,1,0,1,1,1,1
1914,-90.074,29.93148,0,9.91076103650263,1,0,0,1,1,0,0,1,1,1
1916,-90.074,29.93144,0,9.91076103650263,1,0,1,0,1,0,1,1,1,1
1920,-90.0741,29.93139,0,9.91076103650263,1,0,0,0,1,0,1,1,1,1
1922,-90.0742,29.93131,0,9.91076103650263,1,0,0,0,1,0,1,1,1,1
1936,-90.0743,29.93122,0,9.91076103650263,0,0,0,0,1,0,0,1,1,1
1938,-90.0744,29.93114,0,9.91076103650263,1,0,0,0,1,0,0,1,1,1
2000,-90.0746,29.931,0,9.91076103650263,1,0,1,0,1,0,0,1,1,1
2003,-90.0747,29.93096,0,9.91076103650263,1,0,0,0,1,0,1,1,1,1
2010,-90.074805,29.930895,0,9.91076103650263,1,0,0,1,1,0,1,1,1,1
2011,-90.074795,29.930905,0,9.91076103650263,1,0,0,0,1,0,1,1,1,1
2014,-90.074805,29.930865,0,9.91076103650263,0,0,0,0,1,0,0,1,1,1
2015,-90.074795,29.930875,0,9.91076103650263,0,0,0,1,1,0,1,1,1,1
2018,-90.0748,29.93084,0,9.91076103650263,0,0,1,0,1,0,1,1,1,1
2022,-90.0749,29.93081,0,9.91076103650263,1,0,0,0,1,0,1,1,1,1
2025,-90.0749,29.93079,0,9.91076103650263,1,0,0,0,1,0,1,1,1,1
2026,-90.0749,29.93078,0,9.91076103650263,0,0,0,1,1,0,1,1,1,1
2028,-90.0749,29.93076,0,9.91076103650263,0,0,0,0,1,0,1,1,1,1
2030,-90.075,29.93072,0,9.91076103650263,1,0,0,0,1,0,1,1,1,1
2033,-90.075,29.93068,0,9.91076103650263,1,0,0,1,1,0,1,1,1,1
2035,-90.0751,29.93063,0,9.91076103650263,1,0,0,1,1,0,1,1,1,1
2038,-90.0751,29.93058,0,9.91076103650263,1,0,0,0,1,0,1,1,1,1
2044,-90.0752,29.93053,0,9.91076103650263,1,0,0,1,1,0,0,1,1,1
2045,-90.0753,29.93044,0,9.91076103650263,1,0,0,1,1,0,1,1,1,1
2048,-90.0754,29.93036,0,9.91076103650263,1,0,0,1,1,0,1,1,1,1
2050,-90.0755,29.93027,0,9.91076103650263,1,0,0,1,1,0,1,1,1,1
2101,-90.0756,29.93019,0,9.91076103650263,1,0,0,1,1,0,0,0,0,1
2104,-90.075705,29.930155,0,9.91076103650263,1,0,0,1,1,0,1,1,1,1
2105,-90.075695,29.930165,0,9.91076103650263,0,0,0,1,1,0,1,1,1,1
2107,-90.0758,29.93006,0,9.91076103650263,0,0,0,0,1,0,1,1,1,1
2108,-90.0758,29.93004,0,9.91076103650263,1,0,0,1,1,0,1,1,1,1
2109,-90.0759,29.92999,0,9.91076103650263,1,0,0,0,1,0,1,1,1,1
2112,-90.0759,29.92995,0,9.91076103650263,1,0,0,0,1,0,1,1,1,1
2115,-90.076,29.92992,0,9.91076103650263,1,0,0,1,1,0,0,0,0,1
2126,-90.076,29.92986,0,9.91076103650263,1,0,0,0,1,0,1,1,1,1
2127,-90.0761,29.92984,0,9.91076103650263,0,0,0,1,1,0,1,1,1,1
2128,-90.0761,29.92978,0,9.91076103650263,1,0,0,0,1,0,0,1,1,1
2130,-90.0762,29.92973,0,9.91076103650263,0,0,0,0,1,0,0,1,1,1
2136,-90.0763,29.92968,0,9.91076103650263,1,0,1,0,1,0,1,1,1,1
2141,-90.0763,29.92964,0,9.91076103650263,0,0,1,0,0,0,1,1,1,1
2205,-90.0767,29.92941,0,9.91076103650263,0,0,0,0,0,0,0,0,0,1
2212,-90.0768,29.92937,0,9.94777712804231,0,0,0,0,1,0,1,1,1,1
2240,-90.077,29.92922,0,9.98347179696226,1,0,0,1,1,0,1,1,1,1
2302,-90.0776,29.92885,0,10.0179361462259,1,0,0,1,1,0,1,1,1,1
2360,-90.078505,29.928355,0,10.0512521705214,1,0,0,0,1,0,1,1,1,1
2361,-90.078495,29.928365,0,10.0834939313726,1,0,0,0,1,0,1,1,1,1
2600,-90.0807,29.9271,0,10.1147285486467,0,0,0,0,1,0,0,1,1,1
2727,-90.0819,29.92625,0,10.1744150476641,0,0,0,0,0,0,1,1,1,1
2728,-90.0817,29.9264,0,10.1450170418414,1,0,0,1,1,0,1,1,1,1
2800,-90.082305,29.926175,0,10.2029734351065,1,0,0,1,1,0,1,1,1,1
2801,-90.082295,29.926185,0,10.2307388351014,0,0,0,1,0,0,0,1,1,1
2803,-90.0825,29.9261,0,10.2307388351014,0,0,0,0,0,0,0,0,1,1
2809,-90.0827,29.92598,0,10.2307388351014,0,0,0,0,0,0,1,1,1,1
2810,-90.0828,29.92592,0,10.2307388351014,0,1,0,1,1,0,1,1,1,1
2841,-90.0828,29.92588,0,10.2307388351014,0,0,0,0,1,0,1,1,1,1
2842,-90.083,29.92576,0,10.2307388351014,1,0,0,1,1,0,0,0,0,1
2844,-90.0832,29.9257,0,10.2307388351014,1,0,0,1,1,0,0,0,0,1
2852,-90.0833,29.92563,0,10.2307388351014,1,0,0,1,1,0,1,1,1,1
2855,-90.0834,29.92557,0,10.2307388351014,0,0,0,0,1,0,0,0,0,1
2858,-90.0835,29.9255,0,10.2307388351014,1,0,0,1,1,0,1,1,1,1
2901,-90.0837,29.92542,0,10.2307388351014,1,0,0,1,1,0,1,1,1,1
2902,-90.0837,29.92538,0,10.2307388351014,1,0,0,1,1,0,1,1,1,1
2909,-90.0838,29.92533,0,10.2307388351014,0,0,0,0,0,0,1,1,1,1
2915,-90.0839,29.92529,0,10.2307388351014,0,0,0,0,0,1,1,1,1,1
2919,-90.0841,29.92516,0,10.2307388351014,0,0,0,0,0,1,0,1,1,1
2927,-90.0842,29.9251,0,10.2307388351014,1,0,0,1,1,0,1,1,1,1
2929,-90.0843,29.92507,0,10.2307388351014,1,0,0,1,1,0,1,1,1,1
2930,-90.0844,29.92501,0,10.2307388351014,1,0,0,1,1,0,0,0,0,1
3001,-90.0845,29.92495,0,10.2307388351014,0,0,0,0,1,0,1,1,1,1
3005,-90.0846,29.92489,0,10.2307388351014,1,0,0,1,1,0,0,0,0,1
3013,-90.0847,29.92484,0,10.2307388351014,1,0,0,0,1,0,0,0,0,1
3013,-90.0847,29.92484,0,10.2307388351014,1,0,0,0,1,0,0,0,0,1
3017,-90.0848,29.92477,0,10.2307388351014,0,0,0,0,1,0,1,1,1,1
3018,-90.0849,29.92471,0,10.2307388351014,1,0,0,0,1,0,1,1,1,1
3025,-90.085,29.92467,0,10.2307388351014,1,0,0,0,1,0,0,0,0,1
3027,-90.0851,29.92463,0,10.2307388351014,1,0,0,0,1,0,0,0,1,1
3033,-90.0852,29.92456,0,10.2307388351014,1,0,0,1,1,0,1,1,1,1
3100,-90.085305,29.924485,0,10.2307388351014,1,0,0,0,1,0,1,1,1,1
3101,-90.085295,29.924495,0,10.2307388351014,1,0,1,0,1,0,1,1,1,1
3102,-90.0853,29.92446,0,10.2307388351014,1,0,0,1,1,0,0,1,1,1
3104,-90.0854,29.92443,0,10.2307388351014,1,0,0,0,1,0,0,0,1,1
3109,-90.0855,29.92438,0,10.2307388351014,1,0,0,0,1,0,0,0,1,1
3112,-90.0856,29.92433,0,10.2307388351014,0,0,0,0,1,0,0,0,1,1
3112,-90.0856,29.92433,0,10.2307388351014,1,0,0,1,1,0,0,0,0,1
3115,-90.0856,29.9243,0,10.2307388351014,1,0,0,1,1,0,0,1,1,1
3116,-90.085695,29.924285,0,10.2307388351014,1,0,0,0,1,0,0,0,1,1
3117,-90.085705,29.924275,0,10.2307388351014,1,0,0,0,1,0,0,0,1,1
3119,-90.0857,29.92425,0,10.2307388351014,1,0,0,1,1,0,1,1,1,1
3120,-90.085705,29.924215,0,10.2307388351014,1,0,0,1,1,0,0,1,1,1
3121,-90.085695,29.924225,0,10.2307388351014,0,0,0,0,1,0,1,1,1,1
3122,-90.0858,29.9242,0,10.2307388351014,1,0,0,0,1,0,0,1,1,1
3125,-90.0858,29.92417,0,10.2307388351014,1,0,0,0,1,0,1,1,1,1
3127,-90.0859,29.92414,0,10.2307388351014,1,0,0,0,1,0,1,1,1,1
3128,-90.0859,29.92412,0,10.2307388351014,1,0,0,1,0,1,1,1,1,1
3137,-90.0861,29.92405,0,10.2307388351014,1,0,0,1,1,0,0,0,0,1
3200,-90.086205,29.923955,0,10.2307388351014,0,0,0,0,1,0,1,1,1,1
3201,-90.086195,29.923965,0,10.2307388351014,0,0,0,0,1,0,1,1,1,1
3205,-90.0863,29.9239,0,10.2307388351014,1,0,0,1,1,0,1,1,1,1
3209,-90.0864,29.92385,0,10.2307388351014,0,1,0,0,0,0,0,1,1,1
3212,-90.0865,29.92379,0,10.2307388351014,0,0,0,1,1,0,1,1,1,1
3216,-90.0866,29.92374,0,10.2307388351014,0,0,0,0,1,0,1,1,1,1
3226,-90.0868,29.9236,0,10.2307388351014,0,0,0,0,0,0,0,0,1,1
3226,-90.0868,29.9236,0,10.2307388351014,0,0,0,0,0,0,0,0,0,1
3233,-90.087,29.92352,0,10.2307388351014,0,1,0,0,0,0,1,1,1,1
3236,-90.0871,29.92345,0,10.2307388351014,0,0,0,0,1,0,1,1,1,1
3238,-90.0872,29.92338,0,10.2307388351014,0,0,0,0,1,0,1,1,1,1
3242,-90.0873,29.92333,0,10.2307388351014,0,0,0,0,0,1,0,1,1,1
3301,-90.0875,29.92325,0,10.2307388351014,1,0,0,1,1,0,1,1,1,1
3308,-90.0876,29.92323,0,10.2307388351014,1,0,0,1,0,0,0,0,1,1
3311,-90.0877,29.92318,0,10.2307388351014,1,0,0,0,1,0,0,0,1,1
3312,-90.0878,29.92315,0,10.2307388351014,1,0,0,0,1,0,1,1,1,1
3315,-90.0879,29.92313,0,10.2307388351014,1,0,1,0,1,0,1,1,1,1
3318,-90.088,29.92311,0,10.2307388351014,1,0,0,0,1,0,1,1,1,1
3320,-90.0881,29.92309,0,10.2307388351014,0,0,0,0,1,0,1,1,1,1
3322,-90.0882,29.92307,0,10.2307388351014,0,0,0,0,1,0,1,1,1,1
3326,-90.0882,29.92305,0,10.2307388351014,1,0,0,0,1,0,0,0,1,1
3326,-90.0882,29.92305,0,10.2307388351014,1,0,0,0,1,0,0,0,0,1
3330,-90.0883,29.92303,0,10.2307388351014,1,0,0,0,1,0,0,1,1,1
3340,-90.0884,29.92301,0,10.2307388351014,1,0,0,0,1,0,1,1,1,1
3341,-90.0884,29.92299,0,10.2307388351014,0,0,0,0,0,0,0,1,1,1
3401,-90.0889,29.92286,0,10.2307388351014,0,0,0,0,0,0,1,1,1,1
3420,-90.0891,29.92278,0,10.2307388351014,1,0,0,1,1,0,0,0,0,1
3421,-90.089,29.92282,0,10.2307388351014,1,0,0,0,1,0,1,1,1,1
3423,-90.0892,29.92276,0,10.2307388351014,1,0,0,1,1,0,1,1,1,1
3424,-90.0894,29.92269,0,10.2307388351014,1,0,0,1,1,0,0,0,0,1
3425,-90.0893,29.92273,0,10.2307388351014,1,0,0,1,1,0,0,0,0,1
3426,-90.0895,29.92268,0,10.2307388351014,1,0,0,1,1,0,0,0,0,1
3426,-90.0895,29.92268,0,10.2307388351014,1,0,0,1,1,0,0,0,0,1
3430,-90.0896,29.92265,0,10.2307388351014,1,0,0,0,1,0,1,1,1,1
3434,-90.0897,29.92262,0,10.2307388351014,1,0,0,1,1,0,1,1,1,1
3439,-90.0898,29.92259,0,10.2307388351014,1,0,0,1,1,0,1,1,1,1
3440,-90.0898,29.92258,0,10.2307388351014,1,0,0,1,1,0,0,1,1,1
3446,-90.0899,29.92256,0,10.2307388351014,1,0,0,1,1,0,1,1,1,1
3453,-90.09,29.92254,0,10.2307388351014,1,0,0,0,1,0,1,1,1,1
3454,-90.0903,29.92246,0,10.2307388351014,1,0,0,0,1,0,0,0,0,1
3458,-90.0904,29.92241,0,10.2307388351014,1,0,0,1,1,0,1,1,1,1
3502,-90.090505,29.922375,0,10.2307388351014,1,0,0,1,1,0,0,1,1,1
3502,-90.090495,29.922385,0,10.2307388351014,1,0,0,0,1,0,0,1,1,1
3502,-90.090505,29.922375,0,10.2307388351014,1,0,0,0,1,0,0,1,1,1
3502,-90.090495,29.922385,0,10.2307388351014,1,0,0,0,1,0,1,1,1,1
3507,-90.0906,29.92235,0,10.2307388351014,1,0,0,0,1,0,1,1,1,1
3511,-90.0908,29.9223,0,10.2307388351014,1,0,0,0,1,0,0,1,1,1
3516,-90.0908,29.92228,0,10.2307388351014,1,0,0,1,1,0,1,1,1,1
3517,-90.091,29.92224,0,10.2307388351014,1,0,0,0,1,0,1,1,1,1
3524,-90.0912,29.92218,0,10.2307388351014,1,0,0,1,1,0,1,1,1,1
3535,-90.0913,29.92215,0,10.2307388351014,0,0,0,0,0,0,1,1,1,1
3603,-90.0915,29.92208,0,10.2307388351014,1,0,0,1,1,0,1,1,1,1
3617,-90.0919,29.92197,0,10.2307388351014,1,0,0,1,1,0,0,0,0,1
3627,-90.0922,29.92189,0,10.2307388351014,1,0,0,0,1,0,1,1,1,1
3634,-90.092405,29.921825,0,10.2307388351014,1,0,0,0,1,0,0,0,0,1
3637,-90.092395,29.921835,0,10.2307388351014,0,0,0,1,1,0,1,1,1,1
3638,-90.0924,29.92182,0,10.2307388351014,1,0,0,0,1,0,0,0,1,1
3638,-90.0925,29.9218,0,10.2307388351014,1,0,0,0,1,0,0,0,0,1
3638,-90.0924,29.92182,0,10.2307388351014,1,0,0,0,1,0,0,0,0,1
3638,-90.0925,29.9218,0,10.2307388351014,1,0,0,1,1,0,0,1,1,1
3640,-90.0926,29.92178,0,10.2307388351014,1,0,0,1,1,0,0,1,1,1
3641,-90.0927,29.92176,0,10.2307388351014,1,0,0,1,1,0,0,1,1,1
3642,-90.0927,29.92174,0,10.2307388351014,1,0,0,1,1,0,1,1,1,1
3645,-90.0928,29.92171,0,10.2307388351014,1,0,0,1,1,0,0,0,0,1
3646,-90.0929,29.92168,0,10.2307388351014,1,0,0,1,1,0,1,1,1,1
3648,-90.093,29.92166,0,10.2307388351014,1,0,0,1,1,0,1,1,1,1
3700,-90.093105,29.921625,0,10.2307388351014,1,0,0,0,1,0,0,0,0,1
3701,-90.093095,29.921635,0,10.2307388351014,1,0,0,1,1,0,0,1,1,1
3704,-90.0931,29.92162,0,10.2307388351014,1,0,0,0,1,0,1,1,1,1
3705,-90.0933,29.92159,0,10.2307388351014,1,0,0,1,1,0,1,1,1,1
3714,-90.093395,29.921545,0,10.2307388351014,1,0,0,1,1,0,1,1,1,1
3715,-90.093405,29.921535,0,10.2307388351014,1,0,0,1,1,0,0,1,1,1
3719,-90.0936,29.92148,0,10.2307388351014,1,0,0,0,1,0,0,0,0,1
3727,-90.0937,29.92143,0,10.2307388351014,1,0,1,0,1,0,1,1,1,1
3727,-90.0938,29.92141,0,10.2307388351014,1,0,0,1,1,0,1,1,1,1
3727,-90.0937,29.92143,0,10.2307388351014,1,0,0,1,1,0,1,1,1,1
3727,-90.0938,29.92141,0,10.2307388351014,1,0,0,1,1,0,1,1,1,1
3800,-90.094005,29.921365,0,10.2307388351014,1,0,0,1,1,0,1,1,1,1
3801,-90.0939,29.92138,0,10.2307388351014,1,0,0,1,1,0,1,1,1,1
3805,-90.093995,29.921375,0,10.2307388351014,1,0,0,1,1,0,0,1,1,1
3807,-90.094,29.92136,0,10.2307388351014,1,0,0,0,1,0,1,1,1,1
3811,-90.0941,29.92134,0,10.2307388351014,1,0,0,1,1,0,0,1,1,1
3814,-90.0941,29.92133,0,10.2307388351014,1,0,0,1,1,0,1,1,1,1
3815,-90.0942,29.92132,0,10.2307388351014,1,0,0,1,1,0,0,1,1,1
3820,-90.0943,29.92129,0,10.2307388351014,1,0,0,1,1,0,0,1,1,1
3823,-90.0944,29.92127,0,10.2307388351014,1,0,0,1,1,0,0,1,1,1
3827,-90.0945,29.92126,0,10.2307388351014,1,0,0,0,1,0,0,1,1,1
3828,-90.0946,29.92122,0,10.2307388351014,1,0,0,1,1,0,1,1,1,1
3900,-90.094805,29.921205,0,10.2307388351014,1,0,0,1,1,0,0,1,1,1
3902,-90.094795,29.921215,0,10.2307388351014,1,0,0,1,1,0,1,1,1,1
3905,-90.0949,29.92121,0,10.2307388351014,1,0,0,1,1,0,1,1,1,1
3916,-90.0953,29.92121,0,10.2307388351014,1,0,0,1,1,0,0,1,1,1
3923,-90.0955,29.92121,0,10.2307388351014,0,0,0,0,1,0,0,0,1,1
3929,-90.0956,29.9212,0,10.2307388351014,1,0,0,1,1,0,1,1,1,1
3933,-90.0957,29.9212,0,10.2307388351014,1,0,0,0,1,0,0,1,1,1
3936,-90.095705,29.921185,0,10.2307388351014,1,0,0,1,1,0,1,1,1,1
3937,-90.095695,29.921195,0,10.2307388351014,1,0,0,1,1,0,1,1,1,1
3939,-90.0958,29.92118,0,10.2307388351014,1,0,0,1,1,0,1,1,1,1
3943,-90.0959,29.92118,0,10.2307388351014,1,0,0,1,1,0,0,1,1,1
3944,-90.096,29.92117,0,10.2307388351014,1,0,0,1,1,0,1,1,1,1
3947,-90.0961,29.92117,0,10.2307388351014,1,0,0,1,1,0,1,1,1,1
3951,-90.0962,29.92116,0,10.2307388351014,1,0,0,0,1,0,0,0,0,1
3952,-90.096305,29.921135,0,10.2307388351014,1,0,0,1,1,0,1,1,1,1
3953,-90.0963,29.92114,0,10.2307388351014,1,0,0,0,1,0,0,0,0,1
3953,-90.096295,29.921145,0,10.2307388351014,1,0,0,0,1,0,0,0,0,1
3956,-90.0964,29.92114,0,10.2307388351014,1,0,0,1,1,0,1,1,1,1
3963,-90.0965,29.92113,0,10.2307388351014,1,0,0,1,1,0,1,1,1,1
3964,-90.0966,29.92112,0,10.2307388351014,1,0,0,1,1,0,1,1,1,1
4015,-90.0968,29.9211,0,10.2307388351014,1,0,0,1,1,0,1,1,1,1
4038,-90.0972,29.92107,0,10.2307388351014,0,0,0,1,1,0,1,1,1,1
4057,-90.0975,29.92104,0,10.2307388351014,0,0,0,0,0,0,0,1,1,1
4100,-90.097805,29.921015,0,10.2307388351014,0,0,0,1,1,0,0,1,1,1
4101,-90.097795,29.921025,0,10.2307388351014,0,0,0,1,1,0,1,1,1,1
4114,-90.097905,29.921005,0,10.2307388351014,0,0,0,1,1,0,0,0,1,1
4115,-90.097895,29.921015,0,10.2307388351014,1,0,0,0,1,0,0,1,1,1
4118,-90.098005,29.921005,0,10.2307388351014,1,0,0,1,1,0,1,1,1,1
4119,-90.097995,29.921015,0,10.2307388351014,1,0,0,0,1,0,1,1,1,1
4124,-90.0981,29.921,0,10.2307388351014,1,0,0,1,1,0,0,0,0,1
4126,-90.0982,29.92099,0,10.2307388351014,0,0,0,0,1,0,0,1,1,1
4130,-90.0983,29.92098,0,10.2307388351014,1,0,0,0,1,0,1,1,1,1
4138,-90.098505,29.920965,0,10.2307388351014,1,0,0,0,1,0,1,1,1,1
4139,-90.098495,29.920975,0,10.2307388351014,0,0,0,0,0,0,1,1,1,1
4142,-90.0987,29.92095,0,10.2307388351014,1,0,0,0,1,0,1,1,1,1
4200,-90.0989,29.92093,0,10.2307388351014,1,0,1,0,1,0,1,1,1,1
4201,-90.0988,29.92095,0,10.2307388351014,1,0,1,0,1,0,0,1,1,1
4204,-90.099,29.92092,0,10.2307388351014,1,0,0,0,1,0,0,1,1,1
4206,-90.0991,29.92092,0,10.2307388351014,1,0,0,0,1,0,0,1,1,1
4209,-90.0992,29.92092,0,10.2307388351014,1,0,0,0,1,0,1,1,1,1
4214,-90.0993,29.9209,0,10.2307388351014,1,0,0,0,1,0,1,1,1,1
4218,-90.0994,29.92089,0,10.2307388351014,0,0,0,0,1,0,1,1,1,1
4220,-90.099505,29.920875,0,10.2307388351014,1,0,0,1,1,0,1,1,1,1
4220,-90.0995,29.92088,0,10.2307388351014,1,0,0,0,1,0,1,1,1,1
4220,-90.099505,29.920875,0,10.2307388351014,1,0,0,0,1,0,1,1,1,1
4220,-90.0995,29.92088,0,10.2307388351014,1,0,0,0,1,0,1,1,1,1
4221,-90.099495,29.920885,0,10.2307388351014,1,0,0,0,1,0,1,1,1,1
4235,-90.0996,29.92088,0,10.2307388351014,1,0,0,0,1,0,1,1,1,1
4236,-90.0997,29.92087,0,10.2307388351014,1,0,0,1,1,0,1,1,1,1
4237,-90.0998,29.92086,0,10.2307388351014,1,0,1,0,1,0,1,1,1,1
4238,-90.0999,29.92085,0,10.2307388351014,1,0,0,1,1,0,1,1,1,1
4308,-90.1001,29.92084,0,10.2307388351014,0,0,0,0,1,0,1,1,1,1
4310,-90.1002,29.92082,0,10.2691926020704,0,0,0,0,1,0,0,1,1,1
4321,-90.1003,29.92082,0,10.3062222698509,1,0,0,0,1,0,1,1,1,1
4322,-90.1005,29.92079,0,10.3419295627411,1,0,0,0,1,0,0,1,1,1
4330,-90.1007,29.92077,0,10.3764056805014,0,0,0,0,1,0,1,1,1,1
4336,-90.101,29.92076,0,10.409732701928,1,0,1,0,1,0,1,1,1,1
4418,-90.1015,29.92072,0,10.441984761977,0,0,0,0,1,0,0,0,0,1
4421,-90.1018,29.92069,0,10.4732290449133,1,0,0,1,1,0,1,1,1,1
4430,-90.1021,29.92067,0,10.5035266269469,1,0,1,0,1,0,1,1,1,1
4437,-90.1023,29.92066,0,10.5329331949238,0,0,0,0,1,0,1,1,1,1
4505,-90.1025,29.92064,0,10.5614996623277,1,0,0,0,1,0,1,1,1,1
4507,-90.1026,29.92064,0,10.5614996623277,1,0,0,1,1,0,1,1,1,1
4510,-90.102605,29.920615,0,10.5614996623277,1,0,0,1,1,0,1,1,1,1
4511,-90.102595,29.920625,0,10.5614996623277,0,0,0,0,0,0,1,1,1,1
4514,-90.1027,29.92061,0,10.5614996623277,1,0,0,0,1,0,1,1,1,1
4515,-90.1028,29.92061,0,10.5614996623277,0,0,0,1,1,0,1,1,1,1
4517,-90.1029,29.9206,0,10.5614996623277,1,0,0,1,1,0,1,1,1,1
4518,-90.103,29.9206,0,10.5614996623277,1,0,1,0,1,0,1,1,1,1
4528,-90.1031,29.92059,0,10.5614996623277,1,0,0,0,1,0,0,1,1,1
4530,-90.1032,29.92058,0,10.5614996623277,0,0,0,1,1,0,1,1,1,1
4532,-90.1033,29.92057,0,10.5614996623277,1,0,0,1,1,0,1,1,1,1
4536,-90.1034,29.92056,0,10.5614996623277,1,0,0,0,1,0,1,1,1,1
4610,-90.1036,29.92055,0,10.5614996623277,1,0,0,1,1,0,0,1,1,1
4612,-90.1038,29.92052,0,10.5614996623277,1,0,0,0,1,0,1,1,1,1
4617,-90.104,29.9205,0,10.5614996623277,1,0,0,1,1,0,1,1,1,1
4618,-90.1042,29.92047,0,10.5614996623277,1,0,0,0,1,0,0,1,1,1
4637,-90.1044,29.92045,0,10.5614996623277,0,0,1,0,0,0,0,1,1,1
4639,-90.1045,29.92043,0,10.5614996623277,0,0,0,0,1,0,1,1,1,1
4647,-90.1047,29.92041,0,10.5614996623277,1,0,1,0,0,0,1,1,1,1
4703,-90.1048,29.9204,0,10.5614996623277,1,0,1,0,0,1,0,1,1,1
4713,-90.1049,29.92039,0,10.5614996623277,1,0,1,0,1,0,0,0,1,1
4717,-90.105,29.92039,0,10.5614996623277,1,0,1,0,1,0,0,1,1,1
4719,-90.1051,29.92038,0,10.5614996623277,1,0,0,1,0,0,1,1,1,1
4721,-90.1053,29.92037,0,10.5614996623277,0,0,0,1,0,0,1,1,1,1
4730,-90.1056,29.92035,0,10.5614996623277,1,0,1,0,1,0,0,0,0,1
4731,-90.1054,29.92036,0,10.5614996623277,1,0,0,0,1,0,1,1,1,1
4741,-90.1058,29.92034,0,10.5614996623277,1,0,0,0,1,0,1,1,1,1
4800,-90.1059,29.92034,0,10.5614996623277,1,0,1,0,1,0,1,1,1,1
4801,-90.1061,29.92033,0,10.5614996623277,1,0,0,0,1,0,1,1,1,1
4809,-90.1066,29.92032,0,10.5614996623277,1,0,0,0,1,0,1,1,1,1
4841,-90.1069,29.92032,0,10.5614996623277,1,0,1,0,1,0,0,0,1,1
4843,-90.1071,29.92032,0,10.5614996623277,1,0,0,0,1,0,1,1,1,1
4846,-90.1073,29.92032,0,10.5614996623277,0,0,0,1,1,0,0,1,1,1
4850,-90.1074,29.92032,0,10.5614996623277,0,0,0,1,1,0,1,1,1,1
4861,-90.1076,29.92032,0,10.5614996623277,1,0,0,0,1,0,0,1,1,1
4866,-90.1077,29.92031,0,10.5614996623277,1,0,0,1,1,0,0,1,1,1
4914,-90.108,29.92031,0,10.5614996623277,1,0,0,0,1,0,1,1,1,1
4926,-90.1083,29.9203,0,10.5614996623277,1,0,0,0,1,0,1,1,1,1
4935,-90.1086,29.92031,0,10.5614996623277,0,0,0,0,0,0,1,1,1,1
5005,-90.1089,29.92029,0,10.5614996623277,0,0,0,1,1,0,1,1,1,1
5023,-90.1095,29.92029,0,10.5614996623277,1,0,0,0,0,0,0,0,0,1
5101,-90.1098,29.92028,0,10.5614996623277,1,0,0,0,1,0,1,1,1,1
5201,-90.1108,29.92027,0,10.5614996623277,1,0,0,0,1,0,1,1,1,1
5229,-90.1111,29.92027,0,10.5614996623277,1,0,0,0,1,0,1,1,1,1
5234,-90.1117,29.92027,0,10.5614996623277,1,0,0,0,1,0,1,1,1,1
5235,-90.1114,29.92026,0,10.5614996623277,0,0,0,1,1,0,0,1,1,1
5240,-90.1119,29.92027,0,10.5614996623277,1,0,0,0,1,0,1,1,1,1
5256,-90.112,29.92031,0,10.5614996623277,0,0,0,0,1,0,1,1,1,1
5259,-90.1124,29.92039,0,10.5614996623277,1,0,0,0,1,0,0,1,1,1
5354,-90.1136,29.92062,0,10.5614996623277,0,1,0,1,1,0,1,1,1,1
5401,-90.1148,29.92084,0,10.5614996623277,0,0,0,0,0,1,1,1,1,1
5408,-90.1149,29.92085,0,10.5614996623277,1,0,0,0,1,0,1,1,1,1
5415,-90.115,29.92086,0,10.5614996623277,1,0,0,1,1,0,1,1,1,1
5418,-90.114995,29.920875,0,10.5614996623277,1,0,0,1,1,0,1,1,1,1
5419,-90.115005,29.920865,0,10.5614996623277,1,0,0,1,1,0,1,1,1,1
5420,-90.1151,29.92089,0,10.5614996623277,1,0,0,1,1,0,1,1,1,1
5421,-90.1152,29.92092,0,10.5614996623277,1,0,0,1,1,0,1,1,1,1
5422,-90.1153,29.92095,0,10.5614996623277,1,0,0,1,1,0,1,1,1,1
5425,-90.1154,29.92096,0,10.5614996623277,1,0,0,1,1,0,1,1,1,1
5430,-90.1155,29.92098,0,10.5614996623277,1,0,0,1,1,0,1,1,1,1
5432,-90.1156,29.92099,0,10.5614996623277,0,0,0,0,0,1,1,1,1,1
5435,-90.1157,29.921,0,10.5614996623277,0,0,0,0,1,0,1,1,1,1
5440,-90.1158,29.92103,0,10.5614996623277,1,0,0,1,1,0,1,1,1,1
5500,-90.115905,29.921045,0,10.5614996623277,1,0,0,1,1,0,0,1,1,1
5501,-90.115895,29.921055,0,10.5614996623277,1,0,0,1,1,0,1,1,1,1
5505,-90.116,29.92105,0,10.5614996623277,1,0,0,0,1,0,1,1,1,1
5508,-90.116005,29.921055,0,10.5614996623277,1,0,0,0,1,0,1,1,1,1
5509,-90.116,29.92106,0,10.5614996623277,1,0,0,0,1,0,1,1,1,1
5513,-90.115995,29.921065,0,10.5614996623277,1,0,0,1,1,0,1,1,1,1
5515,-90.1161,29.92107,0,10.5614996623277,1,0,0,0,1,0,1,1,1,1
5519,-90.116205,29.921085,0,10.5614996623277,1,0,0,1,1,0,1,1,1,1
5521,-90.116195,29.921095,0,10.5614996623277,1,0,0,0,1,0,1,1,1,1
5523,-90.1163,29.92111,0,10.5614996623277,1,0,0,0,1,0,1,1,1,1
5525,-90.1164,29.92113,0,10.5614996623277,1,0,0,0,1,0,1,1,1,1
5530,-90.1165,29.92113,0,10.5614996623277,1,0,0,1,1,0,1,1,1,1
5531,-90.1166,29.92116,0,10.5614996623277,1,0,0,1,1,0,0,1,1,1
5535,-90.1167,29.92118,0,10.5614996623277,1,0,0,0,1,0,1,1,1,1
5538,-90.1168,29.9212,0,10.5614996623277,0,0,0,0,1,0,1,1,1,1
5600,-90.1169,29.92122,0,10.5614996623277,0,1,0,1,0,0,0,1,1,1
5601,-90.117,29.92124,0,10.5614996623277,0,0,0,0,0,0,0,1,1,1
5607,-90.1173,29.92131,0,10.5614996623277,0,1,0,1,0,0,0,0,0,1
5607,-90.1173,29.92131,0,10.5614996623277,0,0,0,0,0,0,0,0,0,1
5637,-90.1176,29.92135,0,10.5614996623277,1,0,0,0,1,0,0,0,0,1
5701,-90.1178,29.92139,0,10.5614996623277,1,0,0,1,1,0,0,0,0,1
5707,-90.1181,29.92144,0,10.5614996623277,1,0,0,1,1,0,1,1,1,1
5721,-90.1183,29.92148,0,10.5614996623277,1,0,0,0,1,0,1,1,1,1
5722,-90.1185,29.92153,0,10.5614996623277,1,0,0,0,1,0,1,1,1,1
5800,-90.118705,29.921555,0,10.5614996623277,0,0,0,1,0,0,0,0,0,1
5801,-90.118695,29.921565,0,10.5614996623277,1,0,0,0,1,0,1,1,1,1
5805,-90.119,29.92161,0,10.5614996623277,1,0,0,1,1,0,1,1,1,1
5831,-90.1193,29.92166,0,10.5614996623277,0,0,0,1,1,0,0,0,1,1
5835,-90.1195,29.9217,0,10.5614996623277,1,0,0,0,1,0,1,1,1,1
5904,-90.1198,29.92175,0,10.5614996623277,0,0,0,1,1,0,1,1,1,1
5919,-90.12,29.92179,0,10.5614996623277,0,1,0,0,1,0,1,1,1,1
5926,-90.1201,29.92182,0,10.5614996623277,1,0,0,1,1,0,0,0,0,1
5932,-90.120205,29.921835,0,10.5614996623277,0,0,0,0,1,0,1,1,1,1
5933,-90.120195,29.921845,0,10.5614996623277,1,0,0,1,1,0,1,1,1,1
5942,-90.1204,29.92187,0,10.5614996623277,1,0,0,0,1,0,1,1,1,1
5950,-90.1205,29.92189,0,10.5614996623277,1,0,0,0,1,0,1,1,1,1
5960,-90.120705,29.921915,0,10.5614996623277,0,0,0,0,1,0,1,1,1,1
5961,-90.120695,29.921925,0,10.5614996623277,0,0,0,0,0,0,1,1,1,1
6001,-90.1214,29.92207,0,10.5614996623277,0,0,0,0,0,0,1,1,1,1
6008,-90.1215,29.92212,0,10.5614996623277,1,0,0,0,1,0,1,1,1,1
6033,-90.1217,29.9222,0,10.5614996623277,0,0,0,0,1,0,0,1,1,1
6042,-90.1219,29.92228,0,10.5614996623277,1,0,0,0,1,0,0,1,1,1
6045,-90.122,29.92233,0,10.5614996623277,0,0,0,0,0,0,0,0,1,1
6050,-90.1223,29.92241,0,10.5614996623277,0,0,0,0,0,0,1,1,1,1
6057,-90.1224,29.92245,0,10.5614996623277,1,0,0,1,1,0,1,1,1,1
6070,-90.1226,29.92254,0,10.5614996623277,1,0,0,1,1,0,1,1,1,1
6073,-90.1229,29.92266,0,10.5614996623277,1,0,0,1,1,0,0,1,1,1
6100,-90.123205,29.922755,0,10.5614996623277,0,0,0,0,1,0,1,1,1,1
6101,-90.123195,29.922765,0,10.5614996623277,1,0,0,0,1,0,1,1,1,1
6105,-90.1233,29.92283,0,10.5614996623277,1,0,0,0,1,0,0,1,1,1
6109,-90.1235,29.92288,0,10.5614996623277,1,0,0,0,1,0,1,1,1,1
6116,-90.1237,29.92295,0,10.5614996623277,1,0,0,0,1,0,1,1,1,1
6117,-90.1238,29.92302,0,10.5614996623277,1,0,0,1,1,0,1,1,1,1
6120,-90.1241,29.92311,0,10.5614996623277,0,0,0,0,1,0,1,1,1,1
501,-90.1345,29.94248,0,10.109891779846,0,0,0,0,1,0,1,1,1,2
503,-90.1345,29.94249,0,10.109891779846,1,0,0,1,1,0,0,0,0,2
512,-90.1345,29.94278,0,10.109891779846,0,0,0,0,1,0,1,1,1,2
513,-90.1344,29.94253,0,10.109891779846,1,0,0,0,1,0,1,1,1,2
600,-90.1342,29.94303,0,10.109891779846,0,0,1,0,0,0,1,1,1,2
601,-90.134,29.94289,0,10.109891779846,0,0,0,0,0,0,0,0,1,2
612,-90.134,29.94324,0,10.109891779846,0,0,0,0,1,0,1,1,1,2
615,-90.1339,29.94299,0,10.109891779846,0,0,0,0,0,1,1,1,1,2
622,-90.1338,29.9434,0,10.109891779846,1,0,0,0,1,0,0,1,1,2
628,-90.1336,29.94357,0,10.109891779846,1,0,0,0,1,0,1,1,1,2
632,-90.1335,29.94372,0,10.109891779846,0,0,0,0,1,0,0,0,0,2
637,-90.1334,29.94346,0,10.109891779846,0,0,0,0,0,1,1,1,1,2
708,-90.1331,29.94409,0,10.109891779846,0,0,0,0,0,0,1,1,1,2
712,-90.133,29.94417,0,10.109891779846,1,0,0,0,1,0,0,0,0,2
714,-90.1329,29.94427,0,10.109891779846,0,0,1,0,0,0,0,1,1,2
718,-90.1328,29.94438,0,10.109891779846,0,1,0,0,0,0,0,1,1,2
800,-90.1327,29.94448,0,10.109891779846,0,0,0,0,1,0,0,1,1,2
801,-90.1323,29.94446,0,10.109891779846,1,0,0,1,1,0,0,1,1,2
807,-90.1321,29.94467,0,10.109891779846,1,0,0,0,1,0,1,1,1,2
813,-90.1319,29.9449,0,10.109891779846,1,0,0,0,1,0,1,1,1,2
1000,-90.1312,29.94589,0,10.109891779846,1,0,0,1,0,0,1,1,1,2
1100,-90.1304,29.94662,1,10.109891779846,0,0,0,0,1,0,1,1,1,2
1122,-90.1302,29.94676,1,10.109891779846,0,0,0,0,1,0,1,1,1,2
1124,-90.13,29.947,1,10.109891779846,1,0,0,0,1,0,0,0,0,2
1133,-90.13,29.94666,1,10.109891779846,0,1,0,0,0,0,0,0,1,2
1140,-90.1298,29.94721,1,10.109891779846,0,0,0,0,0,1,1,1,1,2
1201,-90.1292,29.94735,1,10.109891779846,0,0,0,0,0,1,0,1,1,2
1308,-90.1289,29.94805,1,10.109891779846,0,0,0,0,1,0,1,1,1,2
1328,-90.1287,29.94819,1,10.109891779846,0,0,0,0,1,0,1,1,1,2
1332,-90.1283,29.94858,1,10.109891779846,0,0,0,0,0,0,0,1,1,2
1401,-90.1279,29.94854,1,10.109891779846,0,0,0,0,0,0,1,1,1,2
1407,-90.1275,29.94892,1,10.109891779846,1,0,0,0,1,0,1,1,1,2
1409,-90.1273,29.94916,1,10.109891779846,1,0,0,0,1,0,0,1,1,2
1414,-90.1281,29.94881,1,10.109891779846,0,0,0,0,0,0,0,0,0,2
1416,-90.1278,29.94907,1,10.109891779846,0,0,0,0,1,0,1,1,1,2
1438,-90.1276,29.94928,1,10.109891779846,0,0,0,0,1,0,1,1,1,2
1500,-90.1273,29.94957,1,10.1197152443286,0,0,0,0,1,0,1,1,1,2
1506,-90.1271,29.94973,1,10.1294431463501,0,0,0,0,1,0,0,0,1,2
1512,-90.1269,29.94988,1,10.1390773272717,1,0,0,0,1,0,1,1,1,2
1516,-90.1267,29.95007,1,10.1486195757408,1,0,0,0,1,0,0,1,1,2
1701,-90.1257,29.95065,2,10.1129256111942,0,0,0,0,0,0,1,1,1,2
2215,-90.1218,29.95425,5,10.0759102771508,1,0,0,0,1,0,0,0,1,2
2339,-90.1208,29.95516,5.5,10.0374719675305,1,0,0,0,0,0,0,1,1,2
2423,-90.1201,29.95632,5,9.9974968866074,0,0,0,0,0,0,0,0,1,2
2947,-90.116,29.95968,5,9.95585701764419,1,0,0,0,1,0,0,1,1,2
3016,-90.1156,29.96029,4,9.91240764991069,0,0,0,0,1,0,0,1,1,2
3033,-90.1152,29.96027,4,9.85431831652804,0,1,0,0,0,0,0,0,0,2
3036,-90.1151,29.96062,4,9.79264537330906,1,0,0,0,1,0,0,0,0,2
3100,-90.1146,29.96105,4,9.72691742452151,0,0,0,0,0,0,0,0,1,2
3101,-90.1143,29.96086,4,9.65656347255652,0,0,0,0,0,0,0,1,1,2
3138,-90.1144,29.9615,4,9.65656347255652,0,0,0,0,0,0,0,0,0,2
3200,-90.1142,29.96165,4.5,9.65656347255652,1,0,1,0,1,0,1,1,1,2
3201,-90.1139,29.96134,4.5,9.65656347255652,0,0,0,0,0,0,0,0,0,2
3205,-90.1136,29.96168,4.5,9.65656347255652,0,0,0,0,0,0,0,0,0,2
3206,-90.1141,29.96182,4.5,9.65656347255652,1,0,1,0,1,0,0,0,1,2
3210,-90.1139,29.96194,4.5,9.65656347255652,0,0,0,0,0,0,0,1,1,2
3236,-90.1138,29.96211,4.5,9.65656347255652,1,0,1,0,1,0,0,0,0,2
3240,-90.1136,29.9623,4.5,9.65656347255652,1,0,1,0,1,0,0,0,0,2
3301,-90.1131,29.9621,5,9.65656347255652,0,0,0,0,1,0,0,1,1,2
3309,-90.113,29.96228,5,9.65656347255652,1,0,0,0,1,0,0,0,0,2
3317,-90.1127,29.96257,5,9.65656347255652,1,0,1,0,1,0,0,0,0,2
3319,-90.1129,29.9624,5,9.65656347255652,1,0,1,0,1,0,0,0,0,2
3331,-90.1125,29.9628,5,9.65656347255652,0,0,0,0,0,0,0,1,1,2
3415,-90.1123,29.96296,5,9.65656347255652,0,0,1,0,0,0,1,1,1,2
3417,-90.1122,29.9631,5,9.65656347255652,0,0,1,0,1,0,0,1,1,2
3419,-90.1121,29.96326,5,9.65656347255652,1,0,1,0,1,0,0,1,1,2
3443,-90.1118,29.96347,5,9.65656347255652,0,0,0,0,0,0,0,0,0,2
3500,-90.1118,29.9639,5.5,9.65656347255652,1,0,0,0,0,0,0,0,0,2
3501,-90.1117,29.96361,5.5,9.65656347255652,0,0,0,0,1,0,0,1,1,2
3504,-90.1116,29.96409,5.5,9.65656347255652,0,1,0,0,0,0,0,0,0,2
3505,-90.1115,29.96386,5.5,9.65656347255652,0,0,0,0,0,0,0,0,0,2
3511,-90.1112,29.96406,5.5,9.65656347255652,0,0,0,1,1,0,0,0,1,2
3562,-90.1115,29.96426,5.5,9.65656347255652,0,0,0,0,0,0,0,0,0,2
3566,-90.1114,29.96435,5.5,9.65656347255652,1,0,1,0,1,0,0,0,0,2
3570,-90.1113,29.96443,5.5,9.65656347255652,1,0,1,0,0,0,0,0,0,2
3601,-90.1109,29.96425,5.5,9.65656347255652,0,0,0,1,1,0,0,0,0,2
3609,-90.1108,29.96436,5.5,9.65656347255652,1,0,0,1,1,0,0,0,0,2
3612,-90.1111,29.96459,5.5,9.65656347255652,0,1,1,0,0,0,0,0,0,2
3622,-90.1108,29.96486,5.5,9.65656347255652,1,0,0,0,0,0,0,0,0,2
3627,-90.1106,29.96451,5.5,9.65656347255652,1,0,1,0,1,0,0,0,0,2
3628,-90.1106,29.96507,5.5,9.65656347255652,1,0,0,0,0,0,0,0,0,2
3629,-90.1104,29.96469,5.5,9.65656347255652,1,0,1,0,1,0,0,0,1,2
3637,-90.1102,29.96481,5.5,9.65656347255652,1,0,1,0,1,0,0,0,0,2
3715,-90.1103,29.96541,5.5,9.65656347255652,0,0,0,0,0,0,0,0,0,2
3800,-90.1091,29.96556,6,9.65656347255652,0,1,0,0,0,0,0,0,0,2
3804,-90.1096,29.96604,6,9.65656347255652,0,1,1,0,0,0,0,0,0,2
3806,-90.1092,29.96562,6,9.65656347255652,0,1,1,0,1,0,0,0,0,2
3808,-90.1095,29.96603,6,9.65656347255652,0,0,1,0,0,0,0,0,0,2
3810,-90.109,29.96563,6,9.65656347255652,1,0,1,0,0,0,0,0,0,2
3812,-90.1095,29.96626,6,9.65656347255652,1,0,1,0,1,0,0,0,0,2
3814,-90.1091,29.96573,6,9.65656347255652,0,0,1,0,0,0,0,0,0,2
3816,-90.1093,29.96617,6,9.65656347255652,0,0,1,0,0,0,0,0,0,2
3818,-90.1089,29.96573,6,9.65656347255652,0,0,1,0,1,0,0,0,0,2
3820,-90.1094,29.96636,6,9.65656347255652,1,0,1,0,1,0,0,0,0,2
3822,-90.109,29.96587,6,9.65656347255652,0,0,1,0,1,0,0,0,0,2
3824,-90.1092,29.96635,6,9.65656347255652,0,0,1,0,1,0,0,0,0,2
3826,-90.1088,29.96584,6,9.65656347255652,0,1,0,0,0,0,0,0,0,2
3828,-90.1092,29.96647,6,9.65656347255652,1,0,1,0,0,0,0,0,0,2
3830,-90.1089,29.96593,6,9.65656347255652,0,0,1,0,0,0,0,0,0,2
3832,-90.1091,29.96642,6,9.65656347255652,1,0,1,0,1,0,0,0,0,2
3834,-90.1087,29.96591,6,9.65656347255652,0,0,1,0,0,0,0,0,0,2
3836,-90.1091,29.96652,6,9.65656347255652,1,0,1,0,1,0,0,0,0,2
3838,-90.1088,29.96604,6,9.65656347255652,0,0,0,0,0,1,0,0,0,2
3840,-90.109,29.9665,6,9.65656347255652,0,0,1,0,1,0,0,0,0,2
3842,-90.1086,29.966,6,9.6768127737706,0,0,1,0,1,0,0,0,0,2
3844,-90.109,29.9666,6,9.69666016570685,0,0,1,0,1,0,0,0,0,2
3846,-90.1087,29.96615,6,9.71612129259744,0,0,0,0,0,0,0,0,0,2
3848,-90.1089,29.96659,6,9.73521090266276,0,0,1,0,1,0,0,0,0,2
3850,-90.1084,29.96618,6,9.75394291525611,1,0,1,0,0,0,0,0,0,2
4040,-90.1066,29.96803,7.5,9.77233048183429,0,0,0,0,0,0,0,0,0,2
4045,-90.1073,29.96782,7.5,9.79038604142311,1,0,0,0,0,0,0,0,0,2
4047,-90.1069,29.96823,7.5,9.80812137116374,0,0,0,0,0,0,0,0,1,2
4051,-90.1065,29.9686,7.5,9.82554763245429,0,0,0,0,0,0,0,0,1,2
4077,-90.1063,29.96881,7.5,9.84267541313937,1,0,1,0,1,0,0,0,0,2
4107,-90.1062,29.96904,7,9.84267541313937,1,0,1,0,1,0,0,0,0,2
4109,-90.1061,29.96913,7,9.84267541313937,0,0,0,0,1,0,0,0,0,2
4110,-90.1058,29.96882,7,9.84267541313937,0,0,0,0,0,0,0,0,0,2
4111,-90.106,29.96923,7,9.84267541313937,0,0,1,0,1,0,0,0,0,2
4113,-90.1058,29.96936,7,9.84267541313937,1,0,1,0,1,0,0,0,0,2
4135,-90.1056,29.96952,7,9.84267541313937,0,0,0,0,1,0,1,1,1,2
4200,-90.1052,29.96944,6,9.84267541313937,0,0,0,0,0,0,0,0,1,2
4201,-90.1052,29.96991,6,9.84267541313937,1,0,1,0,1,0,1,1,1,2
4217,-90.1049,29.97021,6,9.84267541313937,1,0,0,0,1,0,0,1,1,2
4300,-90.1044,29.9702,6.5,9.84267541313937,1,0,0,0,1,0,0,0,1,2
4400,-90.1036,29.97092,7,9.84267541313937,1,0,0,0,1,0,0,0,0,2
4440,-90.1033,29.97121,7,9.84267541313937,1,0,0,0,0,0,0,0,0,2
4451,-90.1036,29.97154,7,9.84267541313937,0,0,0,0,0,0,0,1,1,2
4615,-90.1022,29.97295,7.5,9.84267541313937,1,0,0,0,1,0,0,0,0,2
4619,-90.102,29.97312,7.5,9.84267541313937,0,0,0,0,1,0,0,0,0,2
4631,-90.1019,29.97324,7.5,9.84267541313937,1,0,0,0,1,0,0,0,0,2
4637,-90.1017,29.97334,7.5,9.84267541313937,1,0,0,0,1,0,0,0,0,2
4641,-90.1016,29.97344,7.5,9.86723841986101,1,0,0,0,1,0,0,0,0,2
4707,-90.1011,29.97394,6.5,9.89121252166052,1,0,0,0,1,0,0,1,1,2
4709,-90.1008,29.9742,6.5,9.91462529694658,1,0,0,0,1,0,0,0,0,2
4710,-90.101,29.97342,6.5,9.93750243112341,0,0,0,0,1,0,0,0,0,2
111,-90.1002,29.97464,5,9.9817440505019,0,0,0,0,0,1,0,0,1,2
112,-90.0999,29.97444,5,10.0031518756491,0,1,0,0,0,1,0,0,0,2
125,-90.1001,29.97473,5,10.0241109948599,1,0,1,0,1,0,0,0,0,2
127,-90.0999,29.97498,5,10.044639832292,1,0,0,0,1,0,0,0,1,2
134,-90.0998,29.9746,5,10.0647557001323,0,0,0,0,1,0,0,0,0,2
136,-90.0994,29.97495,5,10.0647557001323,1,0,1,0,1,0,0,0,0,2
141,-90.0997,29.97518,5,10.0647557001323,0,0,0,0,1,0,0,0,1,2
201,-90.0995,29.97529,6,10.0647557001323,0,0,0,0,1,0,0,0,0,2
206,-90.0992,29.97511,6,10.0647557001323,1,0,0,0,1,0,0,0,0,2
208,-90.0991,29.9752,6,10.0647557001323,0,0,0,0,1,0,0,0,0,2
214,-90.099,29.97528,6,10.0647557001323,0,0,0,0,1,0,0,0,0,2
216,-90.0989,29.97542,6,10.0647557001323,0,0,0,0,1,0,0,0,0,2
220,-90.0987,29.9756,6,10.0647557001323,1,0,0,0,1,0,0,0,0,2
221,-90.0992,29.97559,6,10.0647557001323,0,0,0,0,0,0,0,0,0,2
236,-90.0986,29.97572,6,10.0647557001323,0,0,0,0,1,0,0,0,0,2
301,-90.0988,29.97599,5,10.0647557001323,0,0,0,0,0,1,0,0,0,2
305,-90.0985,29.97619,5,10.0647557001323,0,0,0,0,1,0,0,0,0,2
307,-90.0984,29.97631,5,10.0647557001323,1,0,1,0,0,0,0,0,0,2
310,-90.0984,29.97589,5,10.0647557001323,0,0,0,1,1,0,0,0,0,2
313,-90.0982,29.97645,5,10.0647557001323,1,0,0,0,0,0,0,0,0,2
320,-90.0981,29.97616,5,10.0647557001323,1,0,0,0,1,0,0,1,1,2
330,-90.0979,29.97639,5,10.0647557001323,1,0,0,0,0,0,0,0,0,2
331,-90.0981,29.97661,5,10.0647557001323,0,1,0,0,0,0,0,0,0,2
400,-90.0977,29.97657,5,10.0647557001323,0,1,0,0,0,0,0,0,1,2
401,-90.0979,29.97673,5,10.0647557001323,0,1,0,0,0,1,0,0,0,2
402,-90.0975,29.97679,5,10.0647557001323,0,0,0,0,0,0,0,0,0,2
404,-90.0973,29.97698,5,10.0647557001323,1,0,1,0,0,0,0,0,0,2
406,-90.0971,29.97718,5,10.0647557001323,1,0,0,0,0,0,0,1,1,2
500,-90.0968,29.97739,5,10.0647557001323,0,1,0,0,0,0,0,0,1,2
500,-90.0968,29.97739,5,10.0647557001323,0,1,0,0,0,0,0,0,0,2
527,-90.0969,29.97764,5,10.0647557001323,0,0,0,0,1,0,0,0,0,2
606,-90.0963,29.97788,5,10.0647557001323,1,0,0,0,1,0,0,0,1,2
610,-90.096,29.97816,5,10.0647557001323,1,0,0,0,1,0,0,0,0,2
614,-90.0957,29.97838,5,10.0647557001323,1,0,0,0,1,0,0,0,0,2
625,-90.0964,29.97814,5,10.156516066488,1,0,0,0,1,0,0,1,1,2
629,-90.0962,29.97837,5,10.1116880098725,1,0,0,0,1,0,0,0,1,2
633,-90.0959,29.97858,5,10.1994204927694,1,0,0,0,1,0,0,0,0,2
729,-90.0957,29.9789,5,10.3180841745101,1,0,0,0,1,0,1,1,1,2
849,-90.0947,29.97949,4,10.3822858327179,1,0,0,0,1,0,0,0,1,2
852,-90.0943,29.97995,4,10.354703289468,1,0,0,0,1,0,0,0,0,2
900,-90.093905,29.980285,3.5,10.415727176133,0,0,0,0,1,0,0,1,1,2
901,-90.093895,29.980295,3.5,10.4571427542775,1,0,1,0,1,0,0,0,1,2
905,-90.0937,29.98047,3.5,10.4571427542775,1,0,1,0,1,0,0,0,1,2
920,-90.0934,29.98078,3,10.4571427542775,1,0,0,0,1,0,1,1,1,2
1511,-90.0628,29.96794,1.5,9.85224688834253,1,0,1,0,1,0,0,1,1,3
1931,-90.0605,29.96822,1,9.85224688834253,1,0,0,0,1,0,0,1,1,3
2004,-90.0598,29.96822,1,9.85224688834253,1,0,1,0,1,0,0,1,1,3
2026,-90.0593,29.96828,1,9.85224688834253,1,0,1,0,1,0,0,0,0,3
2101,-90.0585,29.96842,1,9.85224688834253,1,0,1,0,1,0,0,0,0,3
2112,-90.0578,29.9684,1,9.85224688834253,1,0,0,0,1,0,1,1,1,3
2131,-90.0574,29.96845,1,9.85224688834253,0,1,0,0,0,0,0,0,1,3
2138,-90.0571,29.96843,1,9.85224688834253,1,0,1,0,1,0,0,0,0,3
2200,-90.055505,29.968595,1,9.85224688834253,0,0,1,0,0,0,0,0,0,3
2201,-90.0565,29.96852,1,9.85224688834253,1,0,1,0,1,0,0,0,1,3
2222,-90.055495,29.968605,1,9.85224688834253,0,1,0,0,0,1,0,0,0,3
2225,-90.056,29.96854,1,9.85224688834253,1,0,1,0,1,0,0,1,1,3
2227,-90.0556,29.96859,1,9.85224688834253,1,0,1,0,1,0,0,0,0,3
2244,-90.054805,29.968655,1,9.85224688834253,1,0,1,0,1,0,0,0,0,3
2246,-90.054803,29.9686575,1,9.85224688834253,1,0,1,0,1,0,0,0,0,3
2256,-90.0548,29.96866,1,9.85224688834253,1,0,1,0,1,0,1,1,1,3
2260,-90.054798,29.9686625,1,9.85224688834253,1,0,1,0,0,0,0,1,1,3
2267,-90.0551,29.96864,1,9.85224688834253,1,0,1,0,1,0,0,0,0,3
2270,-90.054795,29.968665,1,9.85224688834253,0,0,1,0,1,0,1,1,1,3
2273,-90.0545,29.96868,1,9.85224688834253,1,0,1,0,1,0,0,1,1,3
2301,-90.0543,29.9687,0,9.85224688834253,1,0,1,0,1,0,0,0,0,3
2313,-90.054,29.96873,0,9.85224688834253,1,0,0,0,1,0,0,1,1,3
2353,-90.0531,29.96882,0,9.85224688834253,0,0,0,0,0,0,0,0,1,3
2356,-90.052405,29.968855,0,9.85224688834253,1,0,1,0,1,0,0,0,1,3
2359,-90.0528,29.96883,1,9.84234592209376,0,0,0,0,1,0,0,0,0,3
2360,-90.0524,29.96886,0,9.85224688834253,0,0,1,0,0,0,0,0,1,3
2361,-90.0526,29.96884,0,9.85224688834253,0,0,0,0,0,0,0,1,1,3
2372,-90.052395,29.968865,0,9.85224688834253,0,0,1,0,1,0,0,0,0,3
2381,-90.0522,29.96889,0,9.85224688834253,0,0,1,0,1,0,0,0,0,3
2400,-90.0521,29.9689,0,9.85224688834253,1,0,1,0,1,0,0,1,1,3
2418,-90.052,29.9689,0,9.85101461527501,1,0,1,0,1,0,0,1,1,3
2421,-90.0518,29.9689,0,9.84978082183687,0,0,0,0,0,1,0,0,0,3
2435,-90.0517,29.96891,0,9.85224688834253,1,0,1,0,1,0,0,0,0,3
2440,-90.0515,29.96892,0,9.84978082183687,1,0,1,0,1,0,0,1,1,3
2501,-90.051,29.96894,0.5,9.84854550427184,0,0,1,0,0,0,0,1,1,3
2520,-90.0507,29.96888,1,9.84483036904303,1,0,1,0,1,0,0,0,0,3
2609,-90.05,29.96875,1,9.84607028166618,0,0,0,0,0,0,0,0,0,3
2630,-90.0494,29.96867,1,9.84730865880968,0,0,0,0,1,0,0,0,0,3
2639,-90.0497,29.96871,1,9.83985528729127,1,0,1,0,1,0,0,0,0,3
2703,-90.0491,29.96862,1,9.83985528729127,1,0,1,0,1,0,0,0,0,3
2709,-90.0488,29.96858,1,9.83985528729127,1,0,1,0,1,0,0,1,1,3
2718,-90.0484,29.96852,1,9.84234592209376,1,0,1,0,1,0,0,0,0,3
2720,-90.048405,29.968515,1,9.84234592209376,1,0,1,0,1,0,0,0,0,3
2729,-90.0486,29.96854,1,9.84110138010003,1,0,1,0,0,0,0,0,1,3
2734,-90.048395,29.968525,1,9.83985528729127,1,0,0,0,1,0,0,0,0,3
2801,-90.0482,29.96845,1,9.83985528729127,1,0,1,0,1,0,0,0,0,3
2805,-90.048,29.9684,1,9.83985528729127,1,0,1,0,1,0,1,1,1,3
2813,-90.0477,29.96834,1,9.83985528729127,1,0,1,0,1,0,0,0,0,3
2831,-90.0474,29.96826,1,9.83985528729127,1,0,1,0,1,0,0,0,0,3
2901,-90.046995,29.968155,1,9.83985528729127,1,0,1,0,1,0,1,1,1,3
3023,-90.0453,29.96777,1,9.83985528729127,1,0,1,0,1,0,0,0,0,3
3048,-90.045005,29.967715,1,9.83985528729127,1,0,1,0,1,0,0,0,0,3
3050,-90.044995,29.967725,1,9.83985528729127,1,0,1,0,1,0,1,1,1,3
3067,-90.0446,29.96761,1,9.83985528729127,1,0,1,0,1,0,0,1,1,3
3100,-90.0441,29.9675,1,9.83985528729127,1,0,1,0,1,0,0,1,1,3
3103,-90.0436,29.96739,1,9.83985528729127,1,0,1,0,1,0,0,0,1,3
3104,-90.043205,29.967305,1,9.83985528729127,1,0,1,0,1,0,0,0,0,3
3154,-90.0432,29.96731,1,9.83985528729127,1,0,1,0,1,0,0,0,1,3
3157,-90.0427,29.96718,1,9.83985528729127,0,0,0,0,0,1,0,0,0,3
3160,-90.043195,29.967315,1,9.83985528729127,0,0,0,0,1,0,0,1,1,3
3200,-90.042305,29.967105,1,9.83985528729127,0,0,0,0,1,0,0,0,0,3
3201,-90.042295,29.967115,1,9.83985528729127,1,0,1,0,1,0,1,1,1,3
3309,-90.0414,29.9669,1.5,9.87312112425245,0,0,1,0,1,0,0,0,0,3
3316,-90.0406,29.96672,1.5,9.86490783390196,1,0,1,0,1,0,0,0,0,3
3325,-90.0412,29.96686,1.5,9.8566265263828,1,0,1,0,1,0,0,0,1,3
3330,-90.040895,29.966805,1.5,9.84827606573257,1,0,0,0,1,0,0,0,0,3
3334,-90.0409,29.9668,1.5,9.83985528729127,1,0,1,0,1,0,0,0,0,3
3340,-90.040905,29.966795,1.5,9.83985528729127,1,0,1,0,1,0,0,1,1,3
3419,-90.0402,29.96663,1.5,9.88126750563428,0,1,0,0,1,0,0,0,0,3
3525,-90.0393,29.96643,1.5,9.92103273175188,1,0,1,0,1,0,0,0,0,3
3529,-90.039,29.96638,1.5,9.91320518304935,1,0,1,0,1,0,0,0,0,3
3600,-90.038705,29.966285,1.5,9.8973638408281,1,0,1,0,1,0,0,0,0,3
3601,-90.038695,29.966295,1.5,9.90531588012616,1,0,1,0,1,0,0,0,0,3
3621,-90.0385,29.96626,1.5,9.92103273175188,0,0,1,0,1,0,0,0,0,3
3625,-90.0383,29.96621,1.5,9.92103273175188,0,0,1,0,1,0,0,0,0,3
3700,-90.038,29.96617,0.5,9.88934805938241,1,0,1,0,1,0,0,0,0,3
3708,-90.0375,29.96604,0.5,9.92103273175188,1,0,1,0,1,0,0,0,0,3
3711,-90.0378,29.9661,0.5,9.92103273175188,1,0,1,0,1,0,0,0,0,3
3900,-90.036205,29.965725,2,9.92103273175188,1,0,1,0,1,0,0,0,0,3
3901,-90.036195,29.965735,2,9.92103273175188,0,0,0,0,1,0,0,1,1,3
3933,-90.0359,29.96567,2,9.92103273175188,1,0,1,0,1,0,0,0,0,3
4017,-90.0351,29.96548,1.5,9.92103273175188,1,0,1,0,1,0,0,0,0,3
4037,-90.0349,29.96545,1.5,9.92103273175188,1,0,1,0,1,0,0,1,1,3
4101,-90.0343,29.96532,1,9.92103273175188,1,0,1,0,1,0,0,1,1,3
4131,-90.034,29.96526,1,9.91475879278245,1,0,1,0,1,0,0,0,1,3
4209,-90.0333,29.9651,1,9.90844524285536,1,0,0,0,1,0,0,1,1,3
4210,-90.032905,29.965005,1,9.90209157861778,1,0,1,0,1,0,0,0,0,3
4232,-90.032895,29.965015,1,9.89569728706106,0,0,0,0,1,0,0,0,0,3
4233,-90.0331,29.96505,1,9.892842090135,1,0,1,0,1,0,0,1,1,3
4301,-90.0324,29.96489,0.5,9.88926184527215,0,0,0,0,0,0,0,1,1,3
4317,-90.0323,29.96486,0.5,9.88463953945078,1,0,1,0,1,0,0,0,0,3
4321,-90.0321,29.96483,0.5,9.87844304053642,0,0,1,0,0,0,0,0,0,3
4400,-90.0315,29.96442,1,9.86970323536752,1,0,1,0,1,0,0,0,0,3
